{
    "Model": [
        "Lasso"
    ],
    "Alpha": [
        0.1
    ],
    "MSE": [
        42485973.09522028
    ],
    "R2 Score": [
        0.5145873572075381
    ]
}